host,count,Total,
allwomenstalk.com,14375,28750,aws
love.allwomenstalk.com,5057,10114,aws
lifestyle.allwomenstalk.com,4984,9968,aws
food.allwomenstalk.com,3486,6972,cf
fashion.allwomenstalk.com,3376,6752,cf
health.allwomenstalk.com,2667,5334,cf
travel.allwomenstalk.com,2643,5286,cf
inspiration.allwomenstalk.com,2488,4976,cf
hair.allwomenstalk.com,1810,3620,cf
money.allwomenstalk.com,1809,3618,cf
beauty.allwomenstalk.com,1608,3216,cf
makeup.allwomenstalk.com,1602,3204,cf
movies.allwomenstalk.com,1602,3204,cf
celebs.allwomenstalk.com,1359,2718,cf
weightloss.allwomenstalk.com,1356,2712,cf
skincare.allwomenstalk.com,1337,2674,cf
diy.allwomenstalk.com,1304,2608,cf
parenting.allwomenstalk.com,1269,2538,cf
fitness.allwomenstalk.com,1238,2476,cf
shoes.allwomenstalk.com,1049,2098,cf
wedding.allwomenstalk.com,952,1904,cf
diet.allwomenstalk.com,807,1614,cf
gardening.allwomenstalk.com,725,1450,cf
books.allwomenstalk.com,645,1290,cf
music.allwomenstalk.com,634,1268,cf
teen.allwomenstalk.com,558,1116,cf
funny.allwomenstalk.com,555,1110,cf
nails.allwomenstalk.com,515,1030,cf
apps.allwomenstalk.com,453,906,cf
jewelry.allwomenstalk.com,371,742,cf
eatial.com,341,682,
bags.allwomenstalk.com,327,654,cf
twilight.allwomenstalk.com,298,596,cf
perfumes.allwomenstalk.com,248,496,cf
streetstyle.allwomenstalk.com,227,454,cf
cooking.allwomenstalk.com,217,434,cf
running.allwomenstalk.com,215,430,cf
thecrepescafe.com,208,416,
fitene.com,104,208,
7fun.net,101,202,
bilbr.com,100,200,
vityle.com,98,196,
gifts.allwomenstalk.com,72,144,cf
desserts.allwomenstalk.com,64,128,cf
baking.allwomenstalk.com,59,118,cf
mindfulness.allwomenstalk.com,56,112,cf
gadgets.allwomenstalk.com,53,106,cf
paranormal.allwomenstalk.com,47,94,cf
interior.allwomenstalk.com,44,88,cf
sleep.allwomenstalk.com,26,52,cf
swimwear.allwomenstalk.com,25,50,cf
bodyart.allwomenstalk.com,24,48,cf
accessories.allwomenstalk.com,24,48,cf